tweet_id,code,error
888202515573088257,144,No status found with that ID.
873697596434513921,144,No status found with that ID.
872668790621863937,144,No status found with that ID.
872261713294495745,144,No status found with that ID.
869988702071779329,144,No status found with that ID.
866816280283807744,144,No status found with that ID.
861769973181624320,144,No status found with that ID.
856602993587888130,144,No status found with that ID.
851953902622658560,144,No status found with that ID.
845459076796616705,144,No status found with that ID.
844704788403113984,144,No status found with that ID.
842892208864923648,144,No status found with that ID.
837366284874571778,144,No status found with that ID.
837012587749474308,144,No status found with that ID.
829374341691346946,144,No status found with that ID.
827228250799742977,144,No status found with that ID.
812747805718642688,144,No status found with that ID.
802247111496568832,144,No status found with that ID.
779123168116150273,144,No status found with that ID.
775096608509886464,144,No status found with that ID.
771004394259247104,179,"Sorry, you are not authorized to see this status."
770743923962707968,144,No status found with that ID.
759566828574212096,144,No status found with that ID.
754011816964026368,144,No status found with that ID.
680055455951884288,144,No status found with that ID.
